{"stats":{"minecraft:picked_up":{"minecraft:iron_chestplate":1,"minecraft:barrier":63,"minecraft:cooked_beef":12,"minecraft:chicken":2,"minecraft:clay_ball":8,"minecraft:suspicious_stew":1,"minecraft:brown_mushroom":1,"minecraft:diamond_sword":2,"minecraft:filled_map":1,"minecraft:string":2,"minecraft:dirt":77,"minecraft:iron_axe":2,"minecraft:wooden_sword":7,"minecraft:iron_leggings":1,"minecraft:cooked_mutton":1,"minecraft:netherite_ingot":256,"minecraft:wheat_seeds":6,"minecraft:deepslate_diamond_ore":92,"minecraft:grindstone":1,"minecraft:cooked_chicken":30,"minecraft:iron_pickaxe":1,"minecraft:chest":1,"minecraft:iron_sword":1,"minecraft:egg":1,"minecraft:stick":5,"minecraft:stone":5,"minecraft:pig_spawn_egg":1,"minecraft:axolotl_bucket":2,"minecraft:porkchop":2,"minecraft:spruce_sapling":5,"minecraft:ink_sac":2,"minecraft:grass_block":4,"minecraft:netherite_pickaxe":1,"minecraft:rotten_flesh":4,"minecraft:netherite_helmet":5,"minecraft:iron_helmet":1,"minecraft:bread":337,"minecraft:netherite_chestplate":6,"minecraft:mutton":4,"minecraft:white_wool":4,"minecraft:cobblestone":7,"minecraft:diamond_pickaxe":1},"minecraft:used":{"minecraft:cooked_mutton":1,"minecraft:netherite_chestplate":2,"minecraft:chest":1,"minecraft:stone":165,"minecraft:iron_sword":58,"minecraft:sheep_spawn_egg":3,"minecraft:iron_chestplate":1,"minecraft:spruce_leaves":3,"minecraft:glow_item_frame":1,"minecraft:dirt":55,"minecraft:anvil":1,"minecraft:mutton":2,"minecraft:netherite_helmet":7,"minecraft:axolotl_bucket":1,"minecraft:spruce_log":5,"minecraft:obsidian":3,"minecraft:diamond_pickaxe":2,"minecraft:iron_axe":1,"minecraft:grass_block":49,"minecraft:chicken":1,"minecraft:bread":3,"minecraft:iron_pickaxe":5,"minecraft:suspicious_stew":1,"minecraft:iron_helmet":3,"minecraft:iron_boots":2,"minecraft:spruce_sapling":1,"minecraft:deepslate_diamond_ore":2,"minecraft:wooden_sword":1,"minecraft:diamond_sword":18,"minecraft:cobblestone":3,"minecraft:wolf_spawn_egg":12,"minecraft:porkchop":2,"minecraft:netherite_pickaxe":5,"minecraft:egg":1,"minecraft:cooked_beef":3,"minecraft:iron_leggings":2},"minecraft:killed_by":{"minecraft:wolf":3,"minecraft:wither_skeleton":1,"minecraft:skeleton":1,"minecraft:creeper":1,"minecraft:zombie":2,"minecraft:slime":1},"minecraft:mined":{"minecraft:brown_mushroom":2,"minecraft:clay":1,"minecraft:short_grass":4,"minecraft:grass_block":19,"minecraft:poppy":1,"minecraft:cobblestone":1,"minecraft:spruce_leaves":50,"minecraft:large_fern":11,"minecraft:spruce_sapling":1,"minecraft:fire":4,"minecraft:dirt":13,"minecraft:stone":9,"minecraft:fern":15},"minecraft:dropped":{"minecraft:bread":211,"minecraft:wolf_spawn_egg":1,"minecraft:iron_sword":9,"minecraft:brown_mushroom":1,"minecraft:wheat_seeds":5,"minecraft:cooked_beef":28,"minecraft:cooked_chicken":30,"minecraft:netherite_ingot":256,"minecraft:pig_spawn_egg":1,"minecraft:clay_ball":8,"minecraft:deepslate_diamond_ore":121,"minecraft:grindstone":2,"minecraft:netherite_helmet":2,"minecraft:netherite_sword":100,"minecraft:netherite_chestplate":3,"minecraft:glow_item_frame":1,"minecraft:obsidian":2,"minecraft:cobblestone":2,"minecraft:chicken":1,"minecraft:iron_boots":3,"minecraft:barrier":63,"minecraft:iron_helmet":5,"minecraft:rotten_flesh":4,"minecraft:grass_block":8,"minecraft:suspicious_stew":1,"minecraft:stick":133,"minecraft:filled_map":5,"minecraft:diamond_sword":1,"minecraft:dirt":3,"minecraft:stone":17,"minecraft:shield":2,"minecraft:ink_sac":2,"minecraft:iron_chestplate":3,"minecraft:wooden_axe":1,"minecraft:chest":1,"minecraft:iron_leggings":4,"minecraft:wooden_sword":28,"minecraft:axolotl_bucket":1,"minecraft:iron_axe":8,"minecraft:iron_pickaxe":8,"minecraft:spruce_sapling":2},"minecraft:custom":{"minecraft:interact_with_anvil":1,"minecraft:mob_kills":30,"minecraft:leave_game":17,"minecraft:time_since_death":38669,"minecraft:time_since_rest":38696,"minecraft:sprint_one_cm":408736,"minecraft:damage_taken":8895,"minecraft:walk_one_cm":294003,"minecraft:drop":325,"minecraft:damage_dealt":92634,"minecraft:swim_one_cm":16923,"minecraft:talked_to_villager":44,"minecraft:fly_one_cm":696374,"minecraft:open_chest":8,"minecraft:crouch_one_cm":12718,"minecraft:play_time":504592,"minecraft:deaths":31,"minecraft:sneak_time":7783,"minecraft:walk_under_water_one_cm":12179,"minecraft:jump":3655,"minecraft:walk_on_water_one_cm":35699,"minecraft:total_world_time":504592,"minecraft:fall_one_cm":67161},"minecraft:killed":{"minecraft:wolf":12,"minecraft:cave_spider":1,"minecraft:pig":1,"minecraft:zombie":1,"minecraft:chicken":2,"minecraft:villager":4}},"DataVersion":3953}