x,y,z,type
-211,63,-310,minecraft:furnace
-262,80,-321,minecraft:beehive
-194,-9,-300,minecraft:mob_spawner
-287,-31,-343,minecraft:mob_spawner
-289,-31,-340,minecraft:mob_spawner
-304,-36,-343,minecraft:mob_spawner
-236,-49,-393,minecraft:sculk_sensor
-236,-50,-390,minecraft:sculk_sensor
-275,-38,-395,minecraft:sculk_sensor
-283,-43,-391,minecraft:sculk_catalyst
-274,-36,-393,minecraft:sculk_catalyst
-281,-40,-399,minecraft:sculk_shrieker
-276,-42,-385,minecraft:sculk_sensor
-304,-22,-400,minecraft:sculk_sensor
-270,-37,-412,minecraft:sculk_catalyst
-271,-36,-411,minecraft:sculk_sensor
-346,-38,-413,minecraft:sculk_sensor
-349,-43,-421,minecraft:sculk_sensor
-270,-32,-421,minecraft:sculk_catalyst
-222,-27,-427,minecraft:mob_spawner
-367,-12,-416,minecraft:sculk_sensor
-363,-6,-432,minecraft:sculk_sensor
-359,-5,-432,minecraft:sculk_sensor
-368,-19,-421,minecraft:sculk_sensor
-355,-2,-431,minecraft:sculk_sensor
-357,-4,-431,minecraft:sculk_sensor
-355,-3,-432,minecraft:sculk_sensor
-367,-19,-420,minecraft:sculk_sensor
-358,-5,-437,minecraft:sculk_sensor
-360,-5,-433,minecraft:sculk_sensor
-282,-24,-442,minecraft:mob_spawner
-240,-52,-444,minecraft:mob_spawner
-111,-2,-199,minecraft:mob_spawner
-358,-50,-183,minecraft:mob_spawner
-382,-42,-436,minecraft:sculk_sensor
-384,-46,-439,minecraft:sculk_shrieker
-178,67,-451,minecraft:mob_spawner
-353,-1,-461,minecraft:sculk_catalyst
-355,0,-459,minecraft:sculk_sensor
-388,-42,-439,minecraft:sculk_sensor
-396,-42,-446,minecraft:sculk_sensor
-386,-42,-438,minecraft:sculk_sensor
-385,-44,-438,minecraft:sculk_sensor
-385,-42,-437,minecraft:sculk_sensor
-214,-49,-473,minecraft:sculk_catalyst
-126,-57,-151,minecraft:mob_spawner
-339,14,-470,minecraft:sculk_sensor
-344,7,-472,minecraft:sculk_catalyst
-352,21,-479,minecraft:sculk_sensor
-356,9,-474,minecraft:sculk_sensor
-355,8,-474,minecraft:sculk_sensor
-357,15,-476,minecraft:sculk_sensor
-360,13,-475,minecraft:sculk_sensor
-358,12,-475,minecraft:sculk_sensor
-365,6,-474,minecraft:sculk_catalyst
-365,6,-473,minecraft:sculk_sensor
-358,20,-478,minecraft:sculk_sensor
-360,18,-477,minecraft:sculk_sensor
-357,20,-478,minecraft:sculk_sensor
-355,20,-478,minecraft:sculk_sensor
-360,15,-476,minecraft:sculk_sensor
-353,19,-478,minecraft:sculk_sensor
-358,15,-476,minecraft:sculk_sensor
-356,17,-477,minecraft:sculk_sensor
-362,13,-475,minecraft:sculk_sensor
-378,-18,-476,minecraft:sculk_sensor
-380,-22,-476,minecraft:sculk_sensor
-377,-57,-475,minecraft:sculk_catalyst
-369,3,-472,minecraft:sculk_sensor
-392,-29,-461,minecraft:sculk_shrieker
-396,-42,-454,minecraft:sculk_sensor
-397,-34,-457,minecraft:sculk_sensor
-397,-35,-458,minecraft:sculk_sensor
-398,-31,-465,minecraft:sculk_catalyst
-416,-42,-418,minecraft:sculk_sensor
-416,-44,-417,minecraft:sculk_sensor
-416,-40,-420,minecraft:sculk_sensor
-243,-36,-487,minecraft:sculk_catalyst
-244,-36,-485,minecraft:sculk_sensor
-244,-36,-484,minecraft:sculk_sensor
-242,-37,-486,minecraft:sculk_sensor
-241,-38,-486,minecraft:sculk_sensor
-240,-39,-484,minecraft:sculk_sensor
-133,-23,-485,minecraft:mob_spawner
-384,-39,-492,minecraft:sculk_shrieker
-384,-41,-494,minecraft:sculk_sensor
-383,-41,-494,minecraft:sculk_sensor
-381,-38,-489,minecraft:sculk_sensor
-405,-38,-451,minecraft:sculk_catalyst
-404,-41,-452,minecraft:sculk_shrieker
-405,-41,-452,minecraft:sculk_sensor
-403,-42,-452,minecraft:sculk_sensor
-404,-33,-467,minecraft:sculk_shrieker
-385,-40,-493,minecraft:sculk_catalyst
-385,-41,-494,minecraft:sculk_sensor
-394,-30,-481,minecraft:sculk_catalyst
-401,-33,-488,minecraft:sculk_sensor
-401,-41,-496,minecraft:sculk_sensor
-414,65,-196,create:simple_kinetic
-413,65,-198,create:motor
-415,65,-196,create:simple_kinetic
-413,65,-196,create:analog_lever
-416,65,-198,create:fluid_tank
-415,67,-197,create:fluid_tank
-416,67,-197,create:fluid_tank
-414,65,-198,create:simple_kinetic
-416,65,-196,create:simple_kinetic
-415,65,-198,create:fluid_tank
-416,69,-198,create:fluid_tank
-415,71,-197,create:fluid_tank
-416,71,-197,create:fluid_tank
-415,67,-199,create:fluid_tank
-415,69,-198,create:fluid_tank
-416,67,-199,create:fluid_tank
-415,71,-199,create:fluid_tank
-416,71,-199,create:fluid_tank
-408,64,-194,create:gearbox
-413,64,-194,create:belt
-412,64,-196,create:gearbox
-414,64,-194,create:gearbox
-411,64,-194,create:motor
-410,64,-196,create:fluid_pipe
-413,64,-196,create:gearshift
-414,64,-196,create:gearbox
-416,66,-197,create:fluid_tank
-415,66,-199,create:fluid_tank
-415,66,-197,create:fluid_tank
-416,70,-197,create:fluid_tank
-415,70,-199,create:fluid_tank
-415,68,-198,create:fluid_tank
-416,66,-199,create:fluid_tank
-416,68,-198,create:fluid_tank
-415,70,-197,create:fluid_tank
-415,72,-198,create:fluid_tank
-416,70,-199,create:fluid_tank
-416,72,-198,create:fluid_tank
-413,65,-197,create:fluid_pipe
-414,65,-197,create:mechanical_pump
-411,65,-197,create:fluid_pipe
-412,65,-197,create:glass_fluid_pipe
-415,65,-199,create:fluid_tank
-415,67,-198,create:fluid_tank
-416,65,-199,create:fluid_tank
-415,65,-197,create:fluid_tank
-416,65,-197,create:fluid_tank
-415,69,-199,create:fluid_tank
-415,71,-198,create:fluid_tank
-416,69,-199,create:fluid_tank
-416,67,-198,create:fluid_tank
-415,69,-197,create:fluid_tank
-416,69,-197,create:fluid_tank
-416,71,-198,create:fluid_tank
-408,64,-195,create:belt
-410,64,-193,create:belt
-409,64,-195,create:belt
-411,64,-193,create:belt
-408,64,-193,create:belt
-409,64,-193,create:belt
-412,64,-195,create:belt
-414,64,-193,create:simple_kinetic
-410,64,-197,create:fluid_pipe
-413,64,-195,create:belt
-411,64,-197,create:fluid_pipe
-410,64,-195,create:item_drain
-412,64,-193,create:belt
-411,64,-195,create:belt
-413,64,-193,create:belt
-414,64,-195,create:simple_kinetic
-415,66,-198,create:fluid_tank
-416,66,-198,create:fluid_tank
-415,68,-197,create:fluid_tank
-415,70,-198,create:fluid_tank
-416,68,-199,create:fluid_tank
-416,70,-198,create:fluid_tank
-415,72,-197,create:fluid_tank
-416,68,-197,create:fluid_tank
-415,68,-199,create:fluid_tank
-416,72,-199,create:fluid_tank
-416,72,-197,create:fluid_tank
-415,72,-199,create:fluid_tank
-412,63,-193,create:gearbox
-415,63,-186,create:large_water_wheel
-415,64,-188,create:simple_kinetic
-414,64,-189,create:simple_kinetic
-414,64,-190,create:simple_kinetic
-415,63,-187,create:large_water_wheel
-415,63,-188,create:rotation_speed_controller
-414,64,-188,create:gearbox
-414,64,-191,create:simple_kinetic
-414,64,-192,create:gearbox
-442,63,-170,create:depot
-442,63,-171,create:gearbox
-442,65,-169,createaddition:rolling_mill
-442,63,-168,create:millstone
-442,63,-169,create:simple_kinetic
-442,63,-174,create:motor
-442,65,-172,create:gearbox
-442,65,-170,create:mechanical_press
-442,63,-172,create:encased_shaft
-442,65,-171,create:gearbox
-442,63,-173,create:encased_shaft
-448,65,-171,create:mechanical_crafter
-448,63,-170,createaddition:connector
-448,63,-171,create:mechanical_crafter
-442,62,-171,create:gearbox
-433,64,-176,create:simple_kinetic
-442,62,-169,create:gearbox
-442,62,-170,create:gearbox
-448,62,-170,createaddition:electric_motor
-442,64,-171,create:simple_kinetic
-448,64,-171,create:mechanical_crafter
-446,64,-171,create:motor
-448,62,-171,create:simple_kinetic
-447,64,-171,create:mechanical_crafter
-450,63,-186,create:basin
-450,63,-187,create:gearbox
-451,63,-186,create:mechanical_pump
-450,62,-186,create:blaze_heater
-449,64,-185,createaddition:connector
-450,65,-186,create:mechanical_mixer
-450,64,-187,create:gearbox
-451,63,-187,create:simple_kinetic
-452,63,-186,create:fluid_tank
-450,65,-187,create:simple_kinetic
-450,64,-169,create:simple_kinetic
-449,64,-171,create:mechanical_crafter
-450,65,-169,create:simple_kinetic
-453,64,-170,create:mechanical_crafter
-452,65,-170,create:mechanical_crafter
-450,63,-175,create:simple_kinetic
-452,63,-170,create:mechanical_crafter
-451,64,-170,create:mechanical_crafter
-450,66,-169,create:simple_kinetic
-452,64,-170,create:mechanical_crafter
-450,67,-169,createaddition:connector
-450,64,-175,create:simple_kinetic
-450,65,-175,createaddition:connector
-419,64,-172,create:large_water_wheel
-420,64,-172,create:large_water_wheel
-417,64,-172,create:large_water_wheel
-418,64,-172,create:large_water_wheel
-423,64,-172,create:large_water_wheel
-424,64,-172,create:simple_kinetic
-421,64,-172,create:large_water_wheel
-422,64,-172,create:large_water_wheel
-427,64,-172,create:gearbox
-428,64,-172,create:rotation_speed_controller
-427,65,-172,create:gearbox
-425,64,-172,create:simple_kinetic
-426,64,-172,create:simple_kinetic
-428,64,-175,create:simple_kinetic
-428,64,-176,create:gearbox
-428,65,-172,create:simple_kinetic
-428,64,-173,create:simple_kinetic
-428,64,-174,create:simple_kinetic
-427,72,-172,create:simple_kinetic
-431,64,-176,create:simple_kinetic
-432,64,-176,create:simple_kinetic
-429,64,-176,create:simple_kinetic
-430,64,-176,create:simple_kinetic
-420,65,-194,create:mechanical_pump
-417,65,-198,create:fluid_tank
-419,65,-194,create:simple_kinetic
-420,65,-198,create:fluid_valve
-420,67,-197,create:fluid_pipe
-417,67,-197,create:fluid_tank
-419,65,-198,create:valve_handle
-417,71,-199,create:fluid_tank
-425,63,-199,create:gearbox
-429,63,-195,create:belt
-425,65,-198,create:gearbox
-426,63,-199,create:gearbox
-426,69,-196,create:simple_kinetic
-431,61,-200,create:belt
-426,65,-198,create:simple_kinetic
-432,61,-200,create:belt
-426,77,-196,create:windmill_bearing
-418,64,-194,create:gearbox
-417,66,-197,create:fluid_tank
-419,64,-194,create:simple_kinetic
-420,64,-194,create:fluid_pipe
-425,64,-194,create:simple_kinetic
-421,64,-198,create:belt
-426,64,-194,create:simple_kinetic
-424,64,-194,create:simple_kinetic
-428,66,-193,create:mechanical_mixer
-417,72,-198,create:fluid_tank
-425,64,-198,create:belt
-426,64,-198,create:rotation_speed_controller
-430,64,-194,create:belt
-417,70,-199,create:fluid_tank
-431,64,-194,create:belt
-426,68,-196,create:gearbox
-426,76,-196,create:simple_kinetic
-418,63,-194,create:gearbox
-419,63,-194,create:gearbox
-417,65,-197,create:fluid_tank
-418,65,-197,create:fluid_pipe
-420,65,-193,create:valve_handle
-426,63,-194,create:simple_kinetic
-420,67,-196,create:fluid_pipe
-421,67,-196,create:simple_kinetic
-422,65,-197,create:funnel
-419,65,-197,create:mechanical_pump
-420,65,-197,create:fluid_pipe
-422,67,-196,create:mechanical_press
-417,69,-199,create:fluid_tank
-417,71,-198,create:fluid_tank
-429,63,-194,create:belt
-426,75,-196,create:simple_kinetic
-420,64,-193,create:fluid_valve
-421,66,-196,create:simple_kinetic
-422,64,-197,create:belt
-417,68,-199,create:fluid_tank
-423,64,-197,create:belt
-420,64,-197,create:fluid_pipe
-421,64,-197,create:belt
-420,66,-196,create:fluid_pipe
-426,64,-197,create:simple_kinetic
-422,64,-201,create:gearbox
-426,66,-196,create:simple_kinetic
-432,62,-194,create:item_vault
-431,64,-193,create:motor
-423,64,-201,create:encased_shaft
-417,70,-198,create:fluid_tank
-428,64,-193,create:basin
-424,64,-197,create:belt
-417,72,-197,create:fluid_tank
-429,64,-193,create:funnel
-421,64,-201,create:belt
-425,64,-197,create:belt
-427,66,-196,create:simple_kinetic
-424,64,-201,create:encased_shaft
-428,66,-196,create:simple_kinetic
-426,74,-196,create:simple_kinetic
-418,65,-196,create:gearbox
-419,65,-196,create:simple_kinetic
-420,63,-197,create:fluid_pipe
-417,65,-196,create:simple_kinetic
-422,65,-196,create:basin
-427,63,-193,create:belt
-417,67,-199,create:fluid_tank
-417,69,-198,create:fluid_tank
-420,65,-196,create:simple_kinetic
-426,63,-193,create:gearbox
-421,65,-196,create:simple_kinetic
-426,65,-196,create:simple_kinetic
-432,61,-194,create:item_vault
-417,71,-197,create:fluid_tank
-425,63,-197,create:item_vault
-429,63,-193,create:belt
-430,63,-193,create:motor
-420,67,-199,create:fluid_pipe
-426,63,-197,create:item_vault
-428,65,-196,create:simple_kinetic
-425,63,-201,create:encased_shaft
-426,63,-201,create:encased_shaft
-426,73,-196,create:simple_kinetic
-418,64,-196,create:gearbox
-417,68,-198,create:fluid_tank
-417,70,-197,create:fluid_tank
-425,62,-197,create:item_vault
-421,64,-196,create:simple_kinetic
-420,66,-195,create:glass_fluid_pipe
-422,64,-196,create:fluid_pipe
-417,66,-199,create:fluid_tank
-432,62,-193,create:item_vault
-423,64,-200,create:belt
-424,64,-200,create:belt
-428,64,-196,create:gearbox
-421,64,-200,create:belt
-420,66,-199,create:fluid_pipe
-426,62,-197,create:item_vault
-425,64,-196,create:funnel
-426,64,-196,create:gearbox
-432,60,-194,create:item_vault
-422,64,-200,create:belt
-425,68,-198,create:gearbox
-428,62,-201,create:encased_shaft
-426,68,-198,create:gearbox
-429,62,-201,create:encased_shaft
-428,66,-195,create:simple_kinetic
-427,62,-201,create:encased_shaft
-430,62,-201,create:encased_shaft
-426,72,-196,create:simple_kinetic
-420,63,-196,create:fluid_pipe
-421,63,-196,create:fluid_pipe
-417,69,-197,create:fluid_tank
-425,61,-197,create:funnel
-424,65,-195,create:funnel
-420,65,-199,create:fluid_pipe
-425,63,-196,create:item_vault
-422,63,-196,create:fluid_pipe
-417,65,-199,create:fluid_tank
-417,67,-198,create:fluid_tank
-425,63,-200,create:belt
-429,63,-196,create:belt
-425,65,-195,create:item_vault
-420,67,-198,create:fluid_pipe
-426,63,-196,create:item_vault
-426,65,-195,create:funnel
-432,61,-193,create:item_vault
-426,63,-200,create:belt
-425,67,-198,create:simple_kinetic
-426,71,-196,create:simple_kinetic
-431,61,-201,create:encased_shaft
-432,61,-201,create:encased_shaft
-421,64,-195,create:belt
-420,66,-194,create:fluid_pipe
-418,64,-195,create:simple_kinetic
-424,64,-195,create:belt
-425,62,-196,create:item_vault
-425,64,-195,create:item_vault
-421,64,-199,create:belt
-426,62,-196,create:item_vault
-417,66,-198,create:fluid_tank
-422,64,-195,create:belt
-417,68,-197,create:fluid_tank
-423,64,-195,create:belt
-428,64,-195,create:belt
-424,64,-199,create:gearbox
-428,66,-194,create:simple_kinetic
-417,72,-199,create:fluid_tank
-425,64,-199,create:belt
-432,60,-193,create:item_vault
-426,64,-195,create:belt
-427,64,-195,create:belt
-426,68,-197,create:simple_kinetic
-429,62,-200,create:belt
-426,70,-196,create:simple_kinetic
-430,62,-200,create:belt
-425,66,-198,create:simple_kinetic
-426,64,-199,create:gearbox
-427,62,-200,create:belt
-428,62,-200,create:belt
-433,61,-193,create:item_vault
-434,61,-193,create:item_vault
-433,61,-194,create:item_vault
-436,61,-194,create:weighted_ejector
-434,61,-196,create:belt
-437,61,-194,create:belt
-438,61,-193,create:gearshift
-436,61,-195,create:belt
-434,61,-197,create:belt
-434,61,-194,create:item_vault
-436,61,-193,create:simple_kinetic
-434,61,-195,create:belt
-439,61,-195,create:belt
-436,61,-198,create:belt
-434,61,-200,create:belt
-438,61,-196,create:simple_kinetic
-436,61,-199,create:belt
-435,61,-200,create:belt
-439,61,-196,create:gearbox
-439,61,-193,create:belt
-438,61,-194,create:belt
-437,61,-195,create:belt
-436,61,-196,create:belt
-434,61,-198,create:belt
-433,61,-199,create:motor
-439,61,-194,create:belt
-438,61,-195,create:belt
-436,61,-197,create:belt
-433,61,-200,create:belt
-437,61,-196,create:gearshift
-434,61,-199,create:belt
-437,61,-202,create:motor
-438,63,-196,create:item_vault
-436,61,-200,create:belt
-439,63,-196,create:item_vault
-434,60,-193,create:item_vault
-433,60,-194,create:item_vault
-433,62,-193,create:item_vault
-434,60,-194,create:item_vault
-433,60,-193,create:item_vault
-434,62,-195,create:funnel
-434,62,-193,create:item_vault
-433,62,-194,create:item_vault
-434,62,-194,create:item_vault
-439,62,-194,create:brass_tunnel
-434,62,-200,create:brass_tunnel
-438,62,-194,create:funnel
-433,63,-179,create:item_vault
-433,65,-178,create:item_vault
-434,63,-179,create:item_vault
-434,65,-178,create:item_vault
-433,63,-187,create:funnel
-435,61,-188,create:gearbox
-439,63,-179,minecraft:furnace
-436,61,-188,create:gearbox
-448,63,-179,createaddition:connector
-433,64,-178,create:item_vault
-434,64,-178,create:item_vault
-433,66,-177,create:cart_assembler
-435,64,-178,create:flap_display
-434,62,-187,create:crushing_wheel
-433,60,-188,create:belt
-433,62,-187,create:crushing_wheel_controller
-447,64,-178,createaddition:modular_accumulator
-448,64,-178,createaddition:modular_accumulator
-443,64,-186,create:funnel
-447,64,-186,create:simple_kinetic
-434,63,-178,create:item_vault
-433,65,-177,create:stockpile_switch
-433,63,-178,create:item_vault
-433,63,-186,create:belt
-447,63,-178,createaddition:modular_accumulator
-433,69,-183,create:fluid_tank
-434,69,-183,create:fluid_tank
-443,63,-186,create:depot
-448,63,-178,createaddition:modular_accumulator
-444,63,-186,create:mechanical_arm
-443,65,-185,create:funnel
-434,64,-177,create:simple_kinetic
-435,64,-177,create:simple_kinetic
-433,64,-177,create:simple_kinetic
-433,60,-187,create:belt
-433,68,-183,create:mechanical_pump
-434,60,-187,create:motor
-433,62,-186,create:simple_kinetic
-434,62,-186,create:gearbox
-447,64,-177,createaddition:modular_accumulator
-434,68,-183,create:mechanical_pump
-442,64,-185,create:item_vault
-443,64,-185,create:item_vault
-448,64,-177,createaddition:modular_accumulator
-446,64,-185,create:powered_shaft
-447,64,-185,create:gearbox
-444,64,-185,create:gearbox
-445,64,-185,create:powered_shaft
-448,64,-185,createaddition:alternator
-433,69,-182,create:fluid_tank
-433,63,-185,create:belt
-447,63,-177,createaddition:modular_accumulator
-448,63,-177,createaddition:modular_accumulator
-434,69,-182,create:fluid_tank
-443,63,-185,create:item_vault
-444,63,-185,create:simple_kinetic
-442,63,-185,create:item_vault
-434,66,-183,minecraft:hopper
-433,68,-182,create:mechanical_pump
-434,68,-182,create:mechanical_pump
-433,64,-184,create:funnel
-433,66,-183,minecraft:hopper
-443,64,-184,create:item_vault
-442,64,-184,create:item_vault
-433,63,-184,create:belt
-433,69,-181,create:fluid_tank
-434,69,-181,create:fluid_tank
-433,65,-183,create:item_vault
-434,63,-184,create:simple_kinetic
-434,65,-183,create:item_vault
-435,63,-184,create:motor
-442,63,-184,create:item_vault
-443,63,-184,create:item_vault
-448,65,-183,createaddition:connector
-438,63,-192,create:item_vault
-433,64,-183,create:item_vault
-434,68,-181,create:mechanical_pump
-433,66,-182,minecraft:hopper
-434,64,-183,create:item_vault
-434,66,-182,minecraft:hopper
-433,68,-181,create:mechanical_pump
-433,62,-192,create:item_vault
-434,62,-192,create:item_vault
-438,62,-192,create:item_vault
-448,64,-183,createaddition:modular_accumulator
-447,64,-183,createaddition:connector
-433,63,-183,create:item_vault
-433,65,-182,create:item_vault
-434,63,-183,create:item_vault
-434,69,-180,create:fluid_tank
-434,65,-182,create:item_vault
-433,69,-180,create:fluid_tank
-434,61,-192,create:item_vault
-433,61,-192,create:item_vault
-438,61,-192,create:encased_shaft
-439,61,-192,create:belt
-438,63,-191,create:item_vault
-436,61,-192,create:simple_kinetic
-437,61,-192,create:encased_shaft
-448,63,-183,createaddition:modular_accumulator
-445,67,-189,create:fluid_tank
-446,67,-189,create:fluid_tank
-433,64,-182,create:item_vault
-434,64,-182,create:item_vault
-433,66,-181,minecraft:hopper
-434,66,-181,minecraft:hopper
-433,68,-180,create:mechanical_pump
-434,68,-180,create:mechanical_pump
-434,62,-191,create:item_vault
-435,62,-191,create:funnel
-433,60,-192,create:item_vault
-433,62,-191,create:item_vault
-434,60,-192,create:item_vault
-438,62,-191,create:item_vault
-439,62,-191,create:funnel
-437,62,-191,create:funnel
-445,66,-189,create:fluid_tank
-446,64,-190,create:mechanical_pump
-446,66,-189,create:fluid_tank
-447,64,-190,create:simple_kinetic
-433,65,-181,create:item_vault
-434,63,-182,create:item_vault
-434,65,-181,create:item_vault
-433,63,-182,create:item_vault
-433,69,-179,create:fluid_tank
-434,69,-179,create:fluid_tank
-435,61,-191,create:belt
-436,61,-191,create:belt
-433,61,-191,create:item_vault
-434,61,-191,create:item_vault
-439,61,-191,create:belt
-437,61,-191,create:belt
-438,61,-191,create:gearbox
-448,63,-182,createaddition:connector
-445,65,-189,create:fluid_tank
-446,65,-189,create:fluid_tank
-445,67,-188,create:fluid_tank
-446,67,-188,create:fluid_tank
-434,64,-181,create:item_vault
-433,66,-180,minecraft:hopper
-434,66,-180,minecraft:hopper
-433,68,-179,create:mechanical_pump
-433,64,-181,create:item_vault
-433,60,-191,create:item_vault
-434,68,-179,create:mechanical_pump
-436,62,-190,create:gearbox
-434,60,-191,create:item_vault
-446,64,-189,create:fluid_tank
-445,66,-188,create:fluid_tank
-446,66,-188,create:fluid_tank
-447,64,-189,create:simple_kinetic
-445,64,-189,create:fluid_tank
-434,65,-180,create:item_vault
-435,63,-181,create:stockpile_switch
-433,69,-178,create:fluid_tank
-433,63,-181,create:item_vault
-433,65,-180,create:item_vault
-434,63,-181,create:item_vault
-433,61,-190,create:funnel
-434,69,-178,create:fluid_tank
-435,61,-190,create:gearbox
-446,65,-188,create:fluid_tank
-445,63,-189,create:blaze_heater
-446,63,-189,create:blaze_heater
-445,65,-188,create:fluid_tank
-434,66,-179,minecraft:hopper
-433,68,-178,create:mechanical_pump
-434,68,-178,create:mechanical_pump
-433,64,-180,create:item_vault
-434,64,-180,create:item_vault
-433,66,-179,minecraft:hopper
-433,60,-190,create:belt
-434,60,-190,create:gearbox
-436,62,-189,create:gearbox
-437,62,-189,create:encased_fan
-435,60,-190,create:gearbox
-439,64,-188,create:mechanical_crafter
-447,64,-188,create:simple_kinetic
-445,64,-188,create:fluid_tank
-446,64,-188,create:fluid_tank
-433,63,-180,create:item_vault
-433,65,-179,create:item_vault
-434,63,-180,create:item_vault
-434,65,-179,create:item_vault
-435,63,-180,create:display_link
-435,61,-189,create:gearbox
-445,63,-188,create:blaze_heater
-446,63,-188,create:blaze_heater
-433,64,-179,create:item_vault
-434,64,-179,create:item_vault
-433,66,-178,minecraft:hopper
-434,66,-178,minecraft:hopper
-433,60,-189,create:belt
-437,62,-188,create:gearbox
-436,62,-188,create:gearbox
-445,64,-187,create:steam_engine
-446,64,-187,create:steam_engine
-447,64,-187,create:simple_kinetic
-432,65,-178,create:item_vault
-426,63,-187,create:item_vault
-430,65,-178,create:simple_kinetic
-432,63,-179,create:item_vault
-432,65,-182,create:item_vault
-430,71,-179,create:fluid_pipe
-427,63,-187,create:item_vault
-428,63,-187,create:item_vault
-427,65,-186,create:funnel
-432,63,-183,create:item_vault
-429,63,-191,create:item_vault
-430,63,-191,create:item_vault
-427,63,-191,create:belt
-432,69,-180,create:fluid_tank
-431,71,-179,create:glass_fluid_pipe
-432,71,-179,create:fluid_pipe
-432,61,-192,create:item_vault
-429,64,-178,create:gearbox
-430,64,-178,create:simple_kinetic
-427,64,-178,create:simple_kinetic
-424,64,-182,create:fluid_pipe
-428,64,-178,create:gearbox
-424,64,-186,create:glass_fluid_pipe
-432,64,-178,create:item_vault
-432,66,-181,minecraft:hopper
-430,70,-179,create:fluid_pipe
-432,68,-180,create:mechanical_pump
-427,64,-186,create:depot
-432,64,-182,create:item_vault
-424,64,-190,create:glass_fluid_pipe
-432,60,-192,create:item_vault
-427,64,-190,create:funnel
-432,70,-179,create:simple_kinetic
-432,62,-187,create:crushing_wheel
-432,62,-191,create:item_vault
-430,63,-178,create:gearbox
-429,63,-178,create:gearbox
-432,63,-178,create:item_vault
-431,69,-179,create:simple_kinetic
-427,63,-190,create:belt
-426,65,-189,create:item_vault
-432,69,-179,create:fluid_tank
-432,63,-182,create:item_vault
-432,65,-181,create:item_vault
-430,69,-179,create:fluid_pipe
-432,69,-183,create:fluid_tank
-432,61,-191,create:item_vault
-427,65,-189,create:item_vault
-432,71,-178,create:fluid_pipe
-428,65,-189,create:item_vault
-424,64,-181,create:glass_fluid_pipe
-428,64,-177,create:simple_kinetic
-424,64,-185,create:glass_fluid_pipe
-426,64,-189,create:item_vault
-432,68,-179,create:mechanical_pump
-431,70,-178,create:simple_kinetic
-431,62,-186,create:motor
-427,64,-189,create:item_vault
-432,70,-178,create:mechanical_pump
-432,62,-186,create:gearbox
-432,64,-181,create:item_vault
-424,64,-189,create:glass_fluid_pipe
-430,68,-179,create:glass_fluid_pipe
-432,66,-180,minecraft:hopper
-432,68,-183,create:mechanical_pump
-432,60,-191,create:item_vault
-428,64,-189,create:item_vault
-424,63,-185,create:motor
-432,63,-181,create:item_vault
-430,67,-179,create:fluid_pipe
-427,63,-189,create:item_vault
-426,65,-188,create:item_vault
-432,69,-178,create:fluid_tank
-428,63,-189,create:item_vault
-427,65,-188,create:item_vault
-432,65,-180,create:item_vault
-426,63,-189,create:item_vault
-431,69,-178,create:simple_kinetic
-432,69,-182,create:fluid_tank
-432,71,-181,create:fluid_pipe
-428,65,-188,create:item_vault
-424,64,-180,create:fluid_pipe
-424,64,-184,create:mechanical_pump
-430,66,-179,create:fluid_pipe
-432,64,-180,create:item_vault
-430,68,-178,create:simple_kinetic
-420,64,-192,create:glass_fluid_pipe
-424,64,-188,create:glass_fluid_pipe
-427,64,-188,create:item_vault
-428,64,-188,create:item_vault
-432,66,-179,minecraft:hopper
-431,68,-178,create:simple_kinetic
-426,64,-188,create:item_vault
-432,68,-178,create:mechanical_pump
-432,70,-181,create:mechanical_pump
-432,66,-183,minecraft:hopper
-432,68,-182,create:mechanical_pump
-429,64,-192,create:funnel
-424,63,-184,create:simple_kinetic
-432,63,-180,create:item_vault
-430,67,-178,create:simple_kinetic
-432,65,-179,create:item_vault
-430,65,-179,create:fluid_pipe
-428,63,-188,create:item_vault
-427,65,-187,create:item_vault
-432,63,-184,create:simple_kinetic
-428,65,-187,create:item_vault
-432,65,-183,create:item_vault
-426,63,-188,create:item_vault
-427,63,-188,create:item_vault
-426,65,-187,create:item_vault
-432,71,-180,create:glass_fluid_pipe
-429,63,-192,create:belt
-427,63,-192,create:belt
-432,69,-181,create:fluid_tank
-424,64,-179,create:fluid_pipe
-425,64,-179,create:fluid_pipe
-428,64,-179,create:glass_fluid_pipe
-424,64,-183,create:glass_fluid_pipe
-429,64,-179,create:fluid_pipe
-426,64,-179,create:fluid_pipe
-427,64,-179,create:mechanical_pump
-432,64,-179,create:item_vault
-424,64,-187,create:fluid_pipe
-420,64,-191,create:fluid_pipe
-432,66,-178,minecraft:hopper
-421,64,-191,create:fluid_pipe
-430,64,-179,create:fluid_pipe
-430,66,-178,create:simple_kinetic
-428,64,-187,create:item_vault
-432,64,-183,create:item_vault
-424,64,-191,create:fluid_pipe
-432,66,-182,minecraft:hopper
-426,64,-187,create:item_vault
-422,64,-191,create:fluid_pipe
-427,64,-187,create:item_vault
-423,64,-191,create:fluid_pipe
-429,64,-191,create:item_vault
-432,68,-181,create:mechanical_pump
-432,70,-180,create:simple_kinetic
-430,64,-191,create:item_vault
-432,62,-192,create:item_vault
-428,-41,-242,minecraft:sculk_catalyst
-444,-33,-251,minecraft:sculk_sensor
-487,-45,-199,minecraft:sculk_catalyst
-492,-43,-208,minecraft:sculk_shrieker
-488,-45,-199,minecraft:sculk_sensor
-490,-44,-200,minecraft:sculk_sensor
-489,-43,-204,minecraft:sculk_sensor
-492,-43,-207,minecraft:sculk_catalyst
-487,-46,-197,minecraft:sculk_sensor
-491,-43,-209,minecraft:sculk_sensor
-508,-37,-205,minecraft:sculk_sensor
-505,-53,-206,minecraft:sculk_catalyst
-504,-39,-206,minecraft:sculk_shrieker
-504,-27,-189,minecraft:mob_spawner
-525,-54,-217,minecraft:sculk_catalyst
-470,-34,-244,minecraft:sculk_catalyst
-473,-34,-242,minecraft:mob_spawner
-474,-42,-65,minecraft:mob_spawner
-531,-15,-127,minecraft:mob_spawner
-504,-24,-257,minecraft:sculk_sensor
-443,-33,-257,minecraft:sculk_sensor
-547,-19,-282,minecraft:mob_spawner
-556,-41,-183,minecraft:sculk_catalyst
-532,-33,-300,minecraft:sculk_catalyst
-540,-27,-303,minecraft:mob_spawner
-473,-26,-301,minecraft:sculk_catalyst
-474,-30,-315,minecraft:sculk_sensor
-472,-32,-320,minecraft:sculk_sensor
-475,-27,-317,minecraft:sculk_sensor
-477,-30,-315,minecraft:sculk_sensor
-469,-47,-308,minecraft:sculk_sensor
-474,-31,-320,minecraft:sculk_sensor
-441,-41,-312,minecraft:sculk_sensor
-436,-41,-313,minecraft:sculk_sensor
-588,-52,-222,minecraft:mob_spawner
-426,-38,-308,minecraft:sculk_sensor
-428,-34,-310,minecraft:sculk_sensor
-528,-42,-320,minecraft:sculk_sensor
-528,-42,-318,minecraft:sculk_sensor
-524,-42,-317,minecraft:sculk_shrieker
-584,-25,-306,minecraft:sculk_sensor
-585,-25,-306,minecraft:sculk_sensor
-588,-33,-300,minecraft:sculk_sensor
-588,-29,-303,minecraft:sculk_sensor
-529,-42,-318,minecraft:sculk_catalyst
-530,-40,-316,minecraft:sculk_sensor
-530,-40,-318,minecraft:sculk_sensor
-531,-40,-320,minecraft:sculk_sensor
-565,-23,-314,minecraft:mob_spawner
-547,-32,-306,minecraft:mob_spawner
-596,-35,-304,minecraft:sculk_sensor
-605,-41,-192,minecraft:sculk_sensor
-595,-47,-320,minecraft:sculk_sensor
-484,-29,-336,minecraft:sculk_catalyst
-489,-31,-333,minecraft:sculk_sensor
-493,-31,-324,minecraft:sculk_catalyst
-487,-30,-331,minecraft:sculk_catalyst
-482,-27,-333,minecraft:sculk_sensor
-481,-27,-334,minecraft:sculk_sensor
-473,-31,-322,minecraft:sculk_catalyst
-519,-42,-324,minecraft:sculk_catalyst
-524,-44,-321,minecraft:sculk_sensor
-517,-41,-323,minecraft:sculk_sensor
-524,-42,-328,minecraft:sculk_sensor
-528,-42,-326,minecraft:sculk_sensor
-531,-38,-329,minecraft:sculk_sensor
-532,-39,-329,minecraft:sculk_sensor
-531,-40,-322,minecraft:sculk_sensor
-529,-41,-327,minecraft:sculk_sensor
-534,-34,-328,minecraft:sculk_sensor
-568,-24,-331,minecraft:mob_spawner
-598,-40,-323,minecraft:sculk_sensor
-597,-42,-322,minecraft:sculk_sensor
-598,-41,-322,minecraft:sculk_sensor
-597,-41,-323,minecraft:sculk_sensor
-598,-51,-327,minecraft:sculk_sensor
-596,-45,-324,minecraft:sculk_sensor
-294,-53,7,minecraft:mob_spawner
-265,-47,2,minecraft:mob_spawner
-515,-51,-337,minecraft:sculk_sensor
-513,-52,-339,minecraft:sculk_catalyst
-491,-31,-345,minecraft:sculk_sensor
-483,-29,-337,minecraft:sculk_sensor
-491,-33,-343,minecraft:sculk_catalyst
-492,-31,-343,minecraft:sculk_shrieker
-488,-33,-342,minecraft:sculk_sensor
-490,-33,-343,minecraft:sculk_sensor
-491,-31,-340,minecraft:sculk_shrieker
-489,-33,-343,minecraft:sculk_sensor
-484,-28,-337,minecraft:sculk_sensor
-482,-31,-342,minecraft:sculk_catalyst
-456,-27,-340,minecraft:sculk_sensor
-455,-28,-340,minecraft:sculk_catalyst
-437,-36,-343,minecraft:sculk_sensor
-447,-38,-351,minecraft:sculk_shrieker
-433,-37,-348,minecraft:sculk_sensor
-433,-37,-347,minecraft:sculk_catalyst
-445,-38,-347,minecraft:sculk_catalyst
-433,-38,-342,minecraft:sculk_sensor
-436,-35,-349,minecraft:sculk_sensor
-443,-38,-347,minecraft:sculk_sensor
-431,-37,-346,minecraft:sculk_sensor
-428,-37,-345,minecraft:sculk_sensor
-429,-36,-338,minecraft:sculk_sensor
-497,-54,-363,minecraft:sculk_sensor
-505,-53,-366,minecraft:sculk_catalyst
-493,-54,-363,minecraft:sculk_sensor
-496,54,-362,minecraft:mob_spawner
-542,-42,21,minecraft:mob_spawner
-568,-50,-356,minecraft:sculk_shrieker
-446,64,-191,create:fluid_pipe
-444,65,-185,create:hand_crank
-447,64,-184,createaddition:alternator
-448,65,-177,createaddition:connector
-449,63,-171,create:depot
-483,-48,42,minecraft:mob_spawner
-400,-43,-498,minecraft:sculk_sensor
-408,-40,-497,minecraft:sculk_sensor
-403,-43,-498,minecraft:sculk_sensor
-402,-43,-498,minecraft:sculk_sensor
-106,-54,-516,minecraft:sculk_sensor
-99,-53,-518,minecraft:sculk_catalyst
-112,-54,-513,minecraft:sculk_shrieker
-107,-54,-516,minecraft:sculk_catalyst
-242,-55,-514,minecraft:sculk_catalyst
-211,-41,-523,minecraft:sculk_sensor
-216,-36,-519,minecraft:sculk_catalyst
-417,-43,-418,minecraft:sculk_catalyst
-373,-37,-515,minecraft:sculk_sensor
-371,-38,-517,minecraft:sculk_catalyst
-369,-38,-518,minecraft:sculk_sensor
-369,-39,-516,minecraft:sculk_sensor
-377,-35,-520,minecraft:sculk_catalyst
-374,-36,-523,minecraft:sculk_catalyst
-374,-36,-520,minecraft:sculk_sensor
-419,-43,-416,minecraft:sculk_sensor
-45,-33,-149,minecraft:mob_spawner
-446,-52,-462,minecraft:sculk_sensor
-443,-54,-464,minecraft:sculk_sensor
-446,-53,-464,minecraft:sculk_sensor
-434,-52,-445,minecraft:sculk_catalyst
-446,-49,-432,minecraft:sculk_sensor
-448,-51,-432,minecraft:sculk_sensor
-446,-50,-431,minecraft:sculk_sensor
-443,-50,-416,minecraft:sculk_sensor
-144,-51,-117,minecraft:mob_spawner
-449,-49,-431,minecraft:sculk_sensor
-460,-48,-470,minecraft:sculk_catalyst
-461,90,-500,minecraft:beehive
-466,-46,-457,minecraft:sculk_catalyst
-475,-48,-464,minecraft:sculk_catalyst
-478,-48,-466,minecraft:sculk_sensor
-493,-49,-410,minecraft:sculk_sensor
-496,-53,-406,minecraft:sculk_sensor
-507,-48,-448,minecraft:sculk_catalyst
-506,-42,-456,minecraft:sculk_sensor
-512,-52,-455,minecraft:sculk_sensor
-170,-54,-65,minecraft:mob_spawner
-525,-53,-411,minecraft:sculk_sensor
-516,-44,-412,minecraft:sculk_sensor
-518,-44,-410,minecraft:sculk_catalyst
-520,-1,-425,minecraft:mob_spawner
