x,y,z,uuid,type,alive,display_name,custom_name
-241.86218847403222,91.0,-370.4617606716411,d17cb516-d1a8-43ef-b9e5-8edc9abbfaff,minecraft:pig,true,Pig,[null]
-232.4359504259425,94.0,-410.43022621060413,7678e95d-5cdb-4c22-b93b-936b4dddd729,minecraft:cow,true,Cow,[null]
-259.44306159564735,105.0,-426.464163787337,3df2442c-4bfb-455a-b5e0-ce007b440133,minecraft:sheep,true,Sheep,[null]
-388.10091291108796,62.523264312744146,-263.25980083270076,bd7b8e6d-0c0f-4bd5-b07a-8249748f4032,minecraft:boat,true,Boat,[null]
-362.871931474503,150.17088314303675,-482.52315791670014,6c723133-a819-4231-a3f2-43b312389e69,minecraft:bee,true,Bee,[null]
-407.08289001061434,82.0,-258.55000001192093,122ca7eb-0885-4c0a-a9e1-5b7a258f2599,minecraft:cow,true,Cow,[null]
-401.0117446678022,73.0,-253.732103308595,44f9aa1f-1ced-46cc-b9c0-2e92a04a4c7e,minecraft:cow,true,Cow,[null]
-410.3578299849344,62.523264312744146,-226.935668006671,d72c54ff-4725-4761-b011-5b37d912f9f2,minecraft:boat,true,Boat,[null]
-232.125,114.0,-483.88509146065337,d5c84362-f0bb-4901-8615-1df0d2d3acd7,minecraft:item,true,Raw Porkchop,[null]
-360.7557114802267,150.58931441871093,-480.1276852086625,13c768ac-0c5d-4be8-8efc-f77f66005786,minecraft:bee,true,Bee,[null]
-407.66645088647493,106.0,-492.125,4e71b6bf-4b99-44cb-a518-1b0206047183,minecraft:item,true,Leather,[null]
-407.79922890121367,106.0,-492.9696804690946,1e409e0d-02f3-48ff-8dce-b1bb3b963d4f,minecraft:item,true,Raw Beef,[null]
-332.5926391854062,56.32725616731495,-260.04359954879607,9dc2a27b-9407-321a-a0fa-62f4fdbaee88,minecraft:player,true,luis_gamer_YT,[null]
-417.3586099476903,75.0,-244.7616716016879,5236e365-34d7-4da1-bc58-5d1cadc0cb01,minecraft:cow,true,Cow,[null]
-426.0,78.0,-196.0,dfed1847-dade-48b3-bcad-5367fc8b9809,create:stationary_contraption,true,Stationary Contraption,[null]
-432.5,66.0625,-176.5,a829e190-74e9-4283-beec-78f8dde1d0f3,minecraft:minecart,true,Minecart,[null]
-438.72662044288313,101.0,-245.34650451992158,28282daa-755a-4b06-b9cd-030b359ad79b,minecraft:chicken,true,Chicken,[null]
-446.82961326858066,109.0,-289.4833252586572,b552c496-ee8b-4f21-aff7-fcc9dbcd143b,minecraft:sheep,true,Sheep,[null]
-479.7326788126875,96.0,-376.89838502537896,e88ee6fb-9f41-4f4b-9e02-4f1b086b1007,minecraft:sheep,true,Sheep,[null]
-467.3038349657754,89.0,-424.50603030284884,48666489-3692-44ac-ba22-c3459ff0c47b,minecraft:pig,true,Pig,[null]
-466.3585293844419,89.0,-424.471444163713,ea6b6e07-6665-481b-a6ee-accded98bfdb,minecraft:pig,true,Pig,[null]
-469.60492044747025,89.0,-420.6172416720877,c0c57802-07d1-4797-a752-71f333324520,minecraft:pig,true,Pig,[null]
-467.44999998807907,89.0,-432.3659896009722,926d5e87-669e-4f35-b1f1-8365a34eab23,minecraft:pig,true,Pig,[null]
-484.0019533830865,112.0,-232.55008936710968,bca352bb-a4ad-429f-aee9-c928fa30d1d8,minecraft:pig,true,Pig,[null]
-201.5,-53.9375,-93.5,9951cb43-dbcd-4790-ab8e-4d327efa1a20,minecraft:chest_minecart,true,Minecart with Chest,[null]
-191.5,-53.9375,-83.5,384f5105-5ff2-4d31-aca5-fb8a89e5876f,minecraft:chest_minecart,true,Minecart with Chest,[null]
-501.1119755000755,109.0,-246.4590185243696,6f2efefa-74ab-4ad2-87c6-55f5257233bc,minecraft:cow,true,Cow,[null]
-498.4620237077723,100.0,-367.28463741997143,82d5afd2-63fe-46ce-9612-aead7b7c0479,minecraft:sheep,true,Sheep,[null]
-152.5,-49.9375,-65.5,16b86d73-7c97-48f5-97a2-86f70b17eb35,minecraft:chest_minecart,true,Minecart with Chest,[null]
-527.3427286555096,72.0,-130.4179850379183,015a19ca-5942-4f25-a00e-5c6cc8f9ac2c,minecraft:pig,true,Pig,[null]
-527.7006597157848,116.0,-269.29280926400895,135b79b3-f1b4-41ce-9017-435b32a80784,minecraft:chicken,true,Chicken,[null]
-519.5527409182255,116.0,-268.1121341784359,fbebe9d7-b21c-48cf-9838-6aea3707ce0e,minecraft:chicken,true,Chicken,[null]
-527.8996139622577,116.0,-268.4788883516951,dc0dcad9-4748-4663-a5ae-6c19a2909603,minecraft:item,true,Egg,[null]
-524.559782683365,90.0,-433.5027900805747,c7d6997f-b396-44fe-80eb-b655992a289a,minecraft:chicken,true,Chicken,[null]
-517.0727083456914,90.0,-434.5312237463263,44a27cbc-4171-45cd-8bb1-cdbc279b4268,minecraft:chicken,true,Chicken,[null]
-523.1446362057651,90.0,-433.9090263275611,f7068d8e-a946-42c5-8e4a-b97ba9f593a2,minecraft:chicken,true,Chicken,[null]
