x,y,z,visibility,load_status,entity_count
-10,-4,-5,TRACKED,LOADED,1
-16,5,-24,TICKING,LOADED,1
-26,3,-15,TICKING,LOADED,1
-32,6,-23,TRACKED,LOADED,1
-32,6,-16,TRACKED,LOADED,1
-27,4,-13,TICKING,LOADED,1
-25,3,-17,TICKING,LOADED,1
-30,5,-28,TRACKED,LOADED,1
-28,6,-19,TICKING,LOADED,1
-30,6,-24,TICKING,LOADED,1
-26,6,-31,TRACKED,LOADED,2
-26,4,-16,TICKING,LOADED,1
-26,5,-17,TICKING,LOADED,1
-33,7,-17,TRACKED,LOADED,3
-17,6,-27,TICKING,LOADED,1
-28,4,-12,TICKING,LOADED,1
-31,7,-15,TICKING,LOADED,1
-21,3,-17,TICKING,LOADED,1
-12,-4,-6,TRACKED,LOADED,1
-27,4,-16,TICKING,LOADED,1
-33,5,-28,TRACKED,LOADED,3
-15,7,-31,TRACKED,LOADED,1
-15,5,-26,TICKING,LOADED,1
-13,-4,-6,TRACKED,LOADED,1
-33,4,-9,TRACKED,LOADED,1
-23,9,-31,TRACKED,LOADED,2
-28,6,-16,TICKING,LOADED,1
-30,5,-27,TICKING,LOADED,3
